1AFVLdxaBBhAZktnojaa-vcs8_H4LrtTF	102_1865.AVI
1lDs0moaMg06O2a9fi29u9ztKDeUbSTlV	102_1866.AVI
10XBUEc6AuwYdmIc8eQUQTYmqm59Whqr4	102_1867.AVI
1O6M8jwdahZWSLE6xkumTFXG7Fw7uYPbZ	102_1868.AVI
1c4FDtFORwhnk-5hG_RfUTB3bIJWjsfdD	102_1869.AVI
1bjOF8Y-QBwiFxd6OclGi-aMtQtY65v6W	102_1873.AVI
1fmaZ_30Xxb697dih1zMuDf8TNMG5FL8b	102_1874.AVI
17iWD4U001AuXNSJHbba-_HCiAmlyU4i0	102_1875.AVI
1-dCsd8jAavdobcwoGBwg1iF7Er2SYZ2f	102_1876.AVI
1INf1wFkCk9oDXiECnPnglwGpDlkpfEws	C2532.MP4
1C1-_LE2H9uG9htXc9FJ9oGIJZkWnMIyd	C2533.MP4
1GzyitRKIO9v7oSijWv2N-Zts49IbeD_S	C2534.MP4
13DuGEY-6VIvXXjNPLpUNNXnH_EWqJsKN	C2535.MP4
1UjTewcv7nJZabYAnoSwu5zA6LQ2ifrqI	C2536.MP4
157_jlBhbr3aLHQ1ki0ZGMr1yxR3-cYGj	C2537.MP4
1_hjZ19qo2blE9IBXFCB4VuWe2OhEdJDE	C2538.MP4
1yQ5jMPnTf7E6ls0Kmp1KgOMn-Sl310Gl	C2540.MP4
1BKZmIZ9hJBjVAab628x3RZCzO9pPz2bU	C2542.MP4
1DfHmJKIrgoG4Sl4dI4xMIIA2zJj4xyTC	C2543.MP4
1Xo6FXCg1jn6ICxWpesbuCwXtbM5f8Zo2	C2544.MP4
1Zpnb-rQfisUc5jk4Pf3LmLin7mLdEeUy	C2546.MP4
1Diw_CI-JYwESpjOB-fkQKwHeaLoIAH3E	C2547.MP4
1S-63T5EpDljGHvkZ1VcHq3RNGu4Ovn69	C2548.MP4
1NqPUuCoTCrEjmrWMXtzzQTpPUx9m5LRi	C2549.MP4
1F4hDw2Fs8vfWf_ra6L3Fc50tm2Ci6MIV	C2550.MP4
1wHlrELVHxkPPTH4YJ_MJkA26DBsjcklb	C2552.MP4
1DRXw39LVW5NHDjR6qzFtJ3uSbkAcHW74	C2553.MP4
1n3wd4UbrEFnR2CQ0FB-xosUZbupPiuP-	C2554.MP4
19AwH5Ze2_7rEHuUB5YIdKiFTp6ZyS2eA	C2555.MP4
1kfK24zOAG1LPGB4aRqwvtHs469IAKVrj	C2556.MP4
1r1dXQ4Gop8kjDTRdtfW4XUTxoKZs4HWq	C2557.MP4
1M902nXx_isf4nT6aXK5oFtJEXQyz5mcT	C2558.MP4
16fm_OewazM5o5ZJo8RuKP_D_nMyHKJB6	C2559.MP4
1VX6Wkh8d3zYvAI1muyMn6S5JleMUXSED	C2560.MP4
1n4wh0QT28jy7xUOUOzcPEox3rn30X9ln	WhatsApp Audio 2026-10-06 at 16.17.31.mp4
